observation_date,CBBTCUSD,SP500,NASDAQCOM,CPIAUCSL,DEXKOUS,DTWEXBGS,DGS3MO,DGS10,DFF,KORCPIALLMINMEI,BTC_KRW,BTC_real_USD,BTC_real_KRW,cash_quote_proxy
2015-01-31,,,,,,,,,,,,,,
2015-02-28,0.1700160219729916,,0.07082481166023769,0.0025346436802173855,-0.0033052612514713475,9.18661519637709e-05,0.0,0.19047619047619047,0.0,-0.0005916972200794568,0.16614881335196352,0.16705794592590295,0.1668392288799716,1.6666666666666667e-05
2015-03-31,-0.039477287843812325,,-0.012622065344623623,0.0026939517808124425,0.006414391495934257,0.01743876073527839,0.5,-0.030000000000000027,0.0,9.515049636865669e-05,-0.033316119127306254,-0.04205793756881404,-0.03340809082725016,1.6666666666666667e-05
2015-04-30,-0.03539714867617105,,0.008271983806989791,0.0010424788961589382,-0.027958581217105594,-0.01980275429171363,-0.6666666666666666,0.05670103092783507,0.3333333333333335,0.000306566873862657,-0.06236607583715981,-0.03640167958957319,-0.06265343524324318,2.4999999999999998e-05
2015-05-31,-0.027870444660276106,,0.026026931529803177,0.003297745341246827,0.032737708267548404,0.01354831358249764,0.0,0.034146341463414887,0.0,0.0028005284015901744,0.0039548491206971015,-0.031065743091969078,0.001151097039155946,8.333333333333334e-06
2015-06-30,0.14599713305243034,,-0.01640226980905435,0.0027679208104607333,0.0048111943452728845,-0.002058295577615721,0.0,0.10849056603773577,0.0,0.00020023184739637045,0.15151074797867103,0.1428338594300147,0.15128022501234573,8.333333333333334e-06
2015-07-31,0.08100219846865286,,0.02835646407466008,0.0015863197801873063,0.037911468308661656,0.021243138554494,7.0,-0.06382978723404253,0.0,0.0018017258637197386,0.12198457905749094,0.07929009923567487,0.11996670607664739,8.333333333333334e-06
2015-08-31,-0.1908902836705354,,-0.06859414852543144,-4.20108051790713e-06,0.019694748641890136,0.016364854815001495,0.0,0.004545454545454408,0.0,0.0013988220445932953,-0.17495507118371567,-0.19088688452118918,-0.17610755010500279,6.666666666666667e-05
2015-09-30,0.027692307692307683,,-0.03273310429581433,-0.002247587519377592,0.00175892570230185,0.006955367164697579,-1.0,-0.0678733031674208,-0.12499999999999989,-0.0025941835673645164,0.02949994210636553,0.03000733933305999,0.032177600275602236,6.666666666666667e-05
2015-10-31,0.32769671923758126,,0.09384739922426943,0.0009894820166906904,-0.0372440107376204,-0.01008882513511511,inf,0.04854368932038833,0.0,0.0,0.27824796836999366,0.32638428583952206,0.27824796836999366,0.0
2015-11-30,0.19695092901381606,,0.010867177838238984,0.0011946174910508756,0.007794826830337609,0.019346163024610785,1.75,0.02314814814814814,0.1428571428571428,-0.0018954152012308212,0.20628095422989046,0.19552273664167497,0.20857169940071185,6.666666666666667e-05
2015-12-31,0.14193599745263485,,-0.019821205910736106,-0.0010755534268560574,0.017287430724123087,0.008927363361224794,-0.2727272727272727,0.02714932126696845,1.5,0.002996223070916848,0.16167713689997987,0.14316553305918056,0.15820689069319016,0.00018333333333333334
2016-01-31,-0.14499825723248527,,-0.07857555103336855,-0.0004584435630738959,0.034876759659955736,0.019676574359752452,1.0625,-0.14537444933920707,0.44999999999999973,0.0017040075733674165,-0.11517856694113926,-0.14460610740853397,-0.11668374453013841,0.00013333333333333334
2016-02-29,0.18613942111699955,,-0.012137105950432936,-0.0013296753235823022,0.023181051866054014,-0.011519116472604729,0.0,-0.1030927835051546,0.0,0.004284274193543602,0.21363538055828402,0.18771870136556257,0.20845801507033723,0.000275
2016-03-31,-0.046764732838419976,,0.06842988624271884,0.0031347962382444194,-0.08014764677850561,-0.037838164314637934,-0.36363636363636365,0.02298850574712641,-0.13793103448275856,-0.0025826014219937354,-0.12316429632770076,-0.049743593048299894,-0.1208939157043154,0.000275
2016-04-30,0.09131553013003879,,-0.019403061695945634,0.0038306451612901693,0.004592311609855404,-0.009931849878683563,0.04761904761904767,0.028089887640449396,0.19999999999999996,0.0018869309068749729,0.09632719110907062,0.0871510402580824,0.09426239357839661,0.000175
2016-05-31,0.17030086780318054,,0.03616271862226106,0.0023640958693178504,0.03924516427903413,0.03308174228181504,0.5454545454545456,0.005464480874316946,-0.033333333333333326,0.0005964027497331603,0.2162295176160125,0.1675406896814442,0.21550458733781075,0.00018333333333333334
2016-06-30,0.26753114766439556,,-0.021297278725962765,0.002775957287827202,-0.029302180842563752,-0.0023641881530869213,-0.23529411764705888,-0.1902173913043479,0.034482758620689724,-0.00019868242182841112,0.2303897207519512,0.26402227581586857,0.23063422614038553,0.00028333333333333335
2016-07-31,-0.06907303746158067,,0.06596774093630176,-0.0005037007434789409,-0.03574925269678986,-0.0025659359960343853,0.0769230769230771,-0.020134228187919434,0.0,-0.0018826285678475996,-0.10235298068762166,-0.06860389254978472,-0.10065985724265447,0.00021666666666666668
2016-08-31,-0.08625612070752997,,0.009897077369225515,0.0018492217858316895,0.0027765547358677978,0.004733897062767056,0.1785714285714286,0.08219178082191791,0.0,0.0025777787092291504,-0.08371906081211022,-0.08794271690535516,-0.0860749573289391,0.00023333333333333336
2016-09-30,0.0630138420988322,,0.018947982245138162,0.0026232097944252075,-0.01612932131400202,-0.001104057165428829,-0.12121212121212133,0.012658227848101333,-0.033333333333333326,0.005957544655450953,0.0458681502783882,0.0602326294808091,0.039674244539422476,0.000275
2016-10-31,0.14435376607169248,-0.01942562503747225,-0.02313064759036143,0.0023426874979268764,0.04316107761525689,0.015490806425037418,0.1724137931034484,0.1499999999999999,0.06896551724137945,0.0013714713185861704,0.19374530778842436,0.1416791685568708,0.19211036261750514,0.00024166666666666664
2016-11-30,0.0657052661787918,0.03417444676998316,0.025929202004960406,0.0011789477167711837,0.026628949597073515,0.03284370647647572,0.4117647058823528,0.2880434782608696,0.0,-0.0014733500036281377,0.09408387799720264,0.06445033488686058,0.0956982249809537,0.00028333333333333335
2016-12-31,0.3106006543780042,0.018200754044233047,0.011165209028341172,0.002524522158776188,0.023693095325163505,0.0049505959396620725,0.0625,0.03375527426160341,0.774193548387097,0.001091056454376016,0.341652840615404,0.30730034568714126,0.3401906169926401,0.00039999999999999996
2017-01-31,-0.003451924756259217,0.017884341374735824,0.043036380389068096,0.004043076694815628,-0.04343166656974573,-0.017934609021298398,0.019607843137254832,0.0,0.0181818181818183,0.01062880156110202,-0.04673366848096716,-0.00746482060884035,-0.05675918789714118,0.00042500000000000003
2017-02-28,0.23202853578829075,0.037198260541408734,0.037516986387736706,0.0015926573570097524,-0.019349515827869146,-0.0019006385078481625,0.019230769230769162,-0.03673469387755113,0.01785714285714257,0.002731959821702379,0.2081893801346686,0.23006945661857436,0.20489764817060285,0.00043333333333333337
2017-03-31,-0.0887722997623589,-0.00038923017041514463,0.014814331621302523,-0.00046720162618951733,-0.010352736966090181,-0.01042557446691128,0.4339622641509433,0.016949152542372836,0.4385964912280702,-0.0006862504097012723,-0.09820600045913441,-0.0883463737056327,-0.09758671897531135,0.0004416666666666667
2017-04-30,0.27140745094078,0.00909121690255299,0.022983081123324034,0.001234152821740775,0.017458925439381545,-5.3138758364990046e-05,0.05263157894736836,-0.04583333333333328,0.012195121951219523,-0.0012606979962003217,0.293604858829829,0.2698402739834831,0.2952377624815925,0.0006333333333333333
2017-05-31,0.6635657794951428,0.011576210049492719,0.024953659379490567,-0.0007739779600562935,-0.015312359827263311,-0.012998779485955403,0.22499999999999987,-0.03493449781659397,0.0,0.0010673015742681535,0.6380926616831915,0.6648543400610543,0.6363461868219489,0.0006666666666666668
2017-06-30,0.06594914231382076,0.004813831992702466,-0.009373205216729241,0.0006516286618252209,0.021588452812661973,-0.011527367347010764,0.05102040816326525,0.045248868778280604,0.2771084337349399,-0.002132327312248661,0.08896133507336002,0.06525499162912274,0.09128831896141931,0.0008166666666666666
2017-07-31,0.1636085190962817,0.019348768883515444,0.0338250477980333,0.0003276499715354486,-0.019138797814207686,-0.019393765135333974,0.03883495145631066,-0.0043290043290044045,0.009433962264151052,0.0016540302862197986,0.14133845091440844,0.16322738767582057,0.1394537598858101,0.0008583333333333333
2017-08-31,0.6605317689227408,0.0005464923288669432,0.01268722078347606,0.0038486261632881824,0.00044568841031855655,-0.004089504697330271,-0.05607476635514019,-0.07826086956521727,0.0,0.005733392137354354,0.6612718486871154,0.6541655042845422,0.651801423393759,0.0008916666666666667
2017-09-30,-0.08535942697420285,0.019302894827342154,0.010468744652851525,0.005106389920997767,0.018006700167504164,0.006565869911473676,0.04950495049504955,0.09905660377358494,-0.009345794392523366,0.0011625772502037446,-0.06888976841469308,-0.09000621009116383,-0.06997099897331649,0.0008416666666666667
2017-10-31,0.4853675962203272,0.022188174774546043,0.03566986249915338,0.0007750522450138408,-0.023534663084099794,0.01561042342081298,0.08490566037735836,0.02145922746781115,0.009433962264151052,-0.0009676893615295779,0.45040997028724283,0.48421725030838747,0.45181487609775317,0.0008833333333333334
2017-11-30,0.5365375693753771,0.028082601368405458,0.021746013107063922,0.002668007428251684,-0.027687150437401442,-0.011988708933037162,0.10434782608695659,0.01680672268907557,0.0,-0.007443131417148585,0.4939952225393618,0.5324489841023752,0.5051986136295161,0.0009583333333333333
2017-12-31,0.3998919519337574,0.009831619818853499,0.004279913936197088,0.0021068892447551058,-0.016012315747748307,-0.00349885212302925,0.09448818897637778,-0.008264462809917328,0.2429906542056075,0.0036056581096417517,0.37747643998666236,0.3969487356671062,0.37252757480585674,0.0010583333333333334
2018-01-31,-0.27144952113988685,0.056178724645703726,0.07360007184875816,0.004253344363511546,0.0008525229056977057,-0.030057695295076292,0.05035971223021596,0.13333333333333353,0.007518796992481258,0.004176134618932625,-0.2708284151687016,-0.2745351728732722,-0.2738608699279571,0.0011583333333333333
2018-02-28,0.020522792596824324,-0.038947379604151844,-0.01868317798874175,0.0026922876006090224,0.012907996592812943,0.015179414365137589,0.13013698630136994,0.05514705882352944,0.00746268656716409,0.007634599310950341,0.03369569732655231,0.017782629044532428,0.0258636394913625,0.0012166666666666667
2018-03-31,-0.3278045496043085,-0.026884513768364315,-0.028814754826406164,0.000192362410782021,-0.019526485047868913,-0.008413114457659021,0.048484848484848575,-0.04529616724738672,0.23703703703703694,-0.0010520459258492876,-0.3409301640157054,-0.327933829872999,-0.3402360620527658,0.001375
2018-04-30,0.33417334199321647,0.002718801001185378,0.00040065463853311556,0.002604406656061986,0.007615528892826351,0.017286264030726084,0.08092485549132955,0.07664233576642343,0.011976047904191711,0.0018227663517282888,0.34433377762720463,0.3307076381631118,0.3418878296435366,0.0014416666666666666
2018-05-31,-0.19026982351452104,0.02160835331659139,0.053189306380877044,0.002257949781598212,0.010925383744750272,0.024265500112954363,0.03208556149732611,-0.04067796610169494,0.00591715976331364,0.0004851866452426634,-0.18142321060671285,-0.19209403461261942,-0.18182018052852733,0.0015583333333333334
2018-06-30,-0.14720240480961932,0.004842400204046138,0.009161367997291059,0.0009011451720948305,0.02872079574369657,0.011333215465034963,0.0,0.007067137809187329,0.12352941176470589,-0.002020630638821186,-0.12270937926744085,-0.14797020734375244,-0.12093310977547989,0.0016083333333333334
2018-07-31,0.2105655636131778,0.03602158646541875,0.02150246994128069,0.0007808204989283585,0.0008634724183524956,-0.004668078185674163,0.051813471502590636,0.03859649122807007,0.0,-0.0019133621518763189,0.21161085358796505,0.209621066688372,0.21393354809378073,0.0016083333333333334
2018-08-31,-0.09217485606171394,0.030263218631604083,0.057059695325341275,0.0017873207703393845,0.0033700292069198667,0.013710648195376596,0.039408866995073843,-0.03378378378378377,0.0,0.008844710416871404,-0.08911545881186578,-0.09379453590987719,-0.09710133603045634,0.0016916666666666664
2018-09-30,-0.058447528941512616,0.0042943009181395375,-0.007792057256021834,0.002062281702117419,-0.006036721898790898,-0.004093615866918032,0.03791469194312791,0.06643356643356646,0.14136125654450282,0.007631055076317894,-0.06413141936241196,-0.06038527918728487,-0.07121899833991785,0.0017583333333333333
2018-10-31,-0.04554428463285387,-0.06940335897981464,-0.09202309121527164,0.002339580144498754,0.02795198961937717,0.023903479290065643,0.06849315068493156,0.032786885245901676,0.00917431192660545,-0.0017960307719985247,-0.018865348384756175,-0.04777209812511807,-0.017100029792467164,0.001825
2018-11-30,-0.36930734845769,0.01785938179914015,0.003372616652294713,-0.0007041919199911595,-0.01943407142481468,-0.0009877445869279633,0.012820512820512997,-0.04444444444444451,0.0,-0.007107086094703452,-0.38156427449486907,-0.3688629068162633,-0.37713753734763966,0.00195
2018-12-31,-0.07146378269617704,-0.09177695576721734,-0.09484430887765438,0.0006848935445813442,-0.005149247727089912,-0.007263793562574561,0.03375527426160341,-0.1063122923588039,0.09090909090909083,-0.0034430685593431765,-0.07624504570264934,-0.07209929589842878,-0.07305350537079813,0.001975
2019-01-31,-0.07594004106331231,0.07868440473103688,0.09742768956246017,-0.0008149798035343991,-0.0009255515118838931,-0.017453018757885075,-0.01632653061224487,-0.02230483271375472,0.0,-0.0010506323998851208,-0.07679530615537744,-0.07518633660561314,-0.07582433726091853,0.002041666666666667
2019-02-28,0.11157555327568525,0.02972893014311606,0.034440944060073475,0.003001255142321968,0.011539637711140527,0.005712881680733917,0.016597510373443924,0.03802281368821303,0.0,0.0043181910116898425,0.1244027324490471,0.10824941402287358,0.11956822301146541,0.0020083333333333333
2019-03-31,0.07986255781695828,0.01792428775107835,0.026125352305268024,0.0037817929172307974,0.010358778286577941,0.008213724976816827,-0.020408163265306256,-0.11721611721611713,0.012500000000000178,-0.001913181822760679,0.09104861463336089,0.07579412720629097,0.09313999019232977,0.002041666666666667
2019-04-30,0.28710692822204686,0.03931343494213935,0.04736121676939242,0.0037596794047436433,0.025345419343483222,0.0016588918775963801,0.012500000000000178,0.04149377593360981,0.008230452674897082,0.003631924617386817,0.3197291930577373,0.28228594416677066,0.3149533815007488,0.002
2019-05-31,0.622212651474475,-0.06577772648116154,-0.07933404073182404,0.0002468332856644384,0.021800703802248744,0.012132342421317999,-0.03292181069958855,-0.14741035856573692,-0.020408163265306256,0.0017189212010311206,0.6575780289935309,0.6218123342072917,0.6547336722023223,0.0020250000000000003
2019-06-30,0.2606448051386052,0.06893018320821498,0.0742088915425021,-0.0003251128102280676,-0.030172196556068953,-0.018377877326041125,-0.09787234042553195,-0.06542056074766356,0.0,-0.001615622365833791,0.22260838229057578,0.2610547902053002,0.22458685219789265,0.001958333333333333
2019-07-31,-0.06306302963055044,0.013128195366039375,0.021131017806111263,0.0023078761661827762,0.0243898214069187,0.00796372208224505,-0.018867924528301883,0.010000000000000009,0.0,-0.003055552763563729,-0.04021130425370023,-0.0652203852241251,-0.037269630813565824,0.0017666666666666668
2019-08-31,-0.05000990197049204,-0.01809165274226776,-0.025997441110059194,0.0009147700174354512,0.02416422882459357,0.02305648922114112,-0.04326923076923084,-0.25742574257425743,-0.11250000000000004,0.002399508000037631,-0.027054123860608792,-0.050878130199877525,-0.02938312681279298,0.0017333333333333335
2019-09-30,-0.1343357011449925,0.017181167690656807,0.004577489551518932,0.0015388460997671771,-0.012771191757751876,-0.0017891373801917076,-0.055276381909547756,0.11999999999999988,-0.107981220657277,0.0037113402061923484,-0.1453912659035097,-0.13566577849065753,-0.1485512817650062,0.0016583333333333333
2019-10-31,0.10133604009083541,0.020431747482144935,0.03663181791475045,0.0028272822992627678,-0.022369026215662502,-0.017241773996766407,-0.18085106382978722,0.005952380952380931,-0.16842105263157892,0.0024750987033235194,0.07670022533778953,0.09823103093656749,0.07404186570865878,0.0015666666666666665
2019-11-30,-0.1743843441659606,0.03404706409091518,0.044994428606572656,0.00281542260504386,0.01046103840561119,0.010420791545346697,0.032467532467532534,0.053254437869822535,-0.012658227848101222,-0.005597704940972892,-0.16574754708200679,-0.17670227519106885,-0.1610513601354142,0.0012833333333333334
2019-12-31,-0.052132632387409394,0.028589803182446305,0.03544297077942704,0.0029122185210892493,-0.021899045990536048,-0.020930597914624705,-0.02515723270440251,0.0786516853932584,-0.0064102564102563875,0.00239241664237122,-0.0728900234636859,-0.054885013754911394,-0.07510276300595375,0.001325
2020-01-31,0.30529015745996446,-0.001628089811129274,0.01987606713773049,0.0019216641534238743,0.03101794956121373,0.009291962082166982,0.0,-0.21354166666666663,0.02580645161290329,0.0037204544770867987,0.3457775817268063,0.3027866390760925,0.3407892364093774,0.0012916666666666667
2020-02-29,-0.08468118262537361,-0.08411046900964814,-0.06377159067811611,0.0004746707213065804,0.019827079660874825,0.016609567587884344,-0.1806451612903226,-0.2516556291390729,-0.0062893081761006275,0.0006993705664888328,-0.0665330835181891,-0.0851154515339062,-0.06718546654687907,0.0012916666666666667
2020-03-31,-0.24758304412493803,-0.12511932083595656,-0.10122943213611646,-0.004528447444551498,0.0032923978533565545,0.04141962045542624,-0.9133858267716536,-0.38053097345132747,-0.9493670886075949,-0.002196485623005673,-0.24510578815458595,-0.2441602636021567,-0.24344402382992925,0.0010583333333333334
2020-04-30,0.344625182408586,0.12684410293315374,0.15447201984389802,-0.007920147553434065,-0.012281363830276004,-0.0016575518994924598,-0.18181818181818188,-0.08571428571428563,-0.375,-0.004402641584946521,0.3281113513280747,0.35535983226814705,0.33398440655002193,9.166666666666667e-05
2020-05-31,0.090553956751384,0.04528177501261843,0.06753097738355729,-0.0008983252093487382,0.027127372399185834,-0.011291047765415563,0.5555555555555558,0.015625,0.0,-0.0006030150753784103,0.12013782005758467,0.09153450971833821,0.12081368760790268,7.5e-05
2020-06-30,-0.032464655885033555,0.018388403283502663,0.059948134168329004,0.004847499237691677,-0.029200798958442742,-0.003976161222630337,0.1428571428571428,0.01538461538461533,0.5999999999999999,0.002715205148830835,-0.060717460953722435,-0.037132157019877376,-0.06326089978174632,0.00011666666666666668
2020-07-31,0.24571963104101346,0.0551012969754443,0.06824890120760285,0.005096443382793581,-0.0065139525197833725,-0.02703443077610157,-0.4375,-0.16666666666666663,0.25,-0.000802326747563753,0.23760507251145024,0.23940308339801586,0.2385988334850564,0.00013333333333333334
2020-08-31,0.025778263148083624,0.07006468732421922,0.09587381238442583,0.003731343283582156,-0.004359928899621113,-0.01236773536322544,0.22222222222222232,0.30909090909090886,-0.10000000000000009,0.005620796948708984,0.02130594285398124,0.02196496105459622,0.015597475661665694,7.5e-05
2020-09-30,-0.07566392049326542,-0.0392279540954944,-0.0516141195333345,0.002626139536318739,-0.018113989288240595,0.010257553218508075,-0.09090909090909083,-0.04166666666666674,0.0,0.005489569817348716,-0.09240733433618475,-0.07808499792932866,-0.09736242631668146,9.166666666666667e-05
2020-10-31,0.2746651284771553,-0.0276657746060065,-0.02293135190120066,0.001238475828567287,-0.027427806890400253,-0.0069314042378533225,-0.10000000000000009,0.2753623188405798,0.0,-0.005558864403422903,0.2397038594833567,0.2730884392175559,0.24663372733434175,8.333333333333334e-05
2020-11-30,0.4352107163176191,0.10754565805086314,0.117961726934388,0.002274132890799363,-0.024867944161765188,-0.025055237248935325,-0.11111111111111105,-0.045454545454545525,0.0,-0.0008983829107535035,0.3995199763638655,0.43195426203221143,0.4007784117507347,7.5e-05
2020-12-31,0.47143356820601223,0.03712140665943231,0.056525510011689706,0.004346309661148906,-0.01779723093896679,-0.01685749512477741,0.125,0.1071428571428572,0.0,0.0023978419422487907,0.4452461251813018,0.4650659379656119,0.4417889431814708,6.666666666666667e-05
2021-01-31,0.13949509714586106,-0.011136640158463607,0.01415316861520699,0.0024499608845809373,0.029683917835210183,0.005697248126744325,-0.33333333333333337,0.19354838709677424,-0.2222222222222221,0.007076647064689023,0.17331977598316373,0.13671020161480074,0.16507495174574927,7.5e-05
2021-02-28,0.37115027804072387,0.026091474971999817,0.00930784832323317,0.0033956762230333837,0.004479814011713712,0.007856108604560541,-0.33333333333333326,0.29729729729729715,0.0,0.005344418052251498,0.3772927762684557,0.3665100523474314,0.36997107810755514,4.9999999999999996e-05
2021-03-31,0.2973481603685282,0.04243863400810777,0.004132698116711575,0.0052432098156529605,0.0029910269192423566,0.008799031468413654,-0.25,0.20833333333333348,-0.14285714285714302,0.002559558968301179,0.30122856363982,0.29058137145382257,0.29790649542942726,3.3333333333333335e-05
2021-04-30,-0.02035327343637272,0.05242531255584737,0.054036160995012406,0.006238653990587206,-0.009887105935813767,-0.015282446315959652,-0.6666666666666666,-0.051724137931034475,-0.16666666666666663,0.0013747054202737363,-0.03003914440158051,-0.026427058155140903,-0.03137072431709753,2.4999999999999998e-05
2021-05-31,-0.3554198400178209,0.005486502581813157,-0.015322273374452466,0.006635060424433847,-0.0009860341705658637,-0.011833100025962717,0.0,-0.042424242424242364,0.0,0.000686409099822205,-0.3560554180812322,-0.3596684783556011,-0.356497124310867,8.333333333333334e-06
2021-06-30,-0.058079798760339085,0.02221397632316946,0.05492939716657674,0.00846178781815543,0.01430263441246149,0.01621288290826084,4.0,-0.08227848101265833,0.5999999999999999,0.0,-0.044607858476296,-0.0659832503147787,-0.044607858476296114,8.333333333333334e-06
2021-07-31,0.18506747803952628,0.02274810936591054,0.011633382630249045,0.004614747980816958,0.018966401868331983,0.0010492806519224462,0.19999999999999996,-0.1448275862068965,-0.12499999999999989,0.0020578147966643368,0.2075439440691147,0.17962381143757122,0.20506414524010985,4.166666666666667e-05
2021-08-31,0.1348681846875588,0.028990321391681118,0.039976336974567594,0.002842925602144719,0.005608320455610993,0.0038714349870507814,-0.33333333333333326,0.048387096774193505,-0.14285714285714302,0.004791707412478141,0.14123288914216392,0.13165098512924245,0.1357905133204642,4.9999999999999996e-05
2021-09-30,-0.06866354776607109,-0.047569140421166334,-0.05312584375106488,0.004525517463950024,0.02191104358035778,0.013550813561599595,0.0,0.1692307692307693,0.0,0.00408759124087732,-0.04825699417319762,-0.07285933901887931,-0.052131493179181976,3.3333333333333335e-05
2021-10-31,0.39921996677010996,0.06914387330123462,0.07265835120129438,0.00963820232923207,-0.007400523781363466,-0.004408571854749077,0.25,0.019736842105263275,0.16666666666666674,0.0017446932247697777,0.3888650061306691,0.38586274126921283,0.38644608304307515,3.3333333333333335e-05
2021-11-30,-0.07261910099627522,-0.00833373141847149,0.0025357472614897514,0.00856626288193807,0.010647352205219063,0.018155708727128905,0.0,-0.07741935483870976,0.0,0.00503144654088139,-0.06274494993618995,-0.08049581556121999,-0.06743709036204215,4.166666666666667e-05
2021-12-31,-0.18697150307483534,0.04361287497262989,0.006904501248254924,0.006905230550805275,0.0009600404227545489,-0.007952181923479684,0.19999999999999996,0.06293706293706292,0.0,0.001636661211136703,-0.1861909628529358,-0.19254715115501442,-0.18752071618161337,4.166666666666667e-05
2022-01-31,-0.16897810621471065,-0.05258508910699977,-0.08981097438985186,0.006046039630400957,0.015303847415845784,0.002454828552345134,2.666666666666667,0.17763157894736836,0.1428571428571428,0.00624759707803868,-0.15626027395299347,-0.17397230241014783,-0.16149889103131854,4.9999999999999996e-05
2022-02-28,0.12426965181120098,-0.03136052086678265,-0.034303659862302216,0.0069263793475682345,-0.0037289315368169706,-0.002973192807573244,0.5909090909090908,0.022346368715083775,0.0,0.005826726525936854,0.12007732725067588,0.1165360992326614,0.11358875014124314,0.00018333333333333334
2022-03-31,0.05253457735750722,0.03577323877328009,0.034114344721264844,0.011156414762741651,0.007710350334364735,-5.207320798672477e-06,0.48571428571428577,0.2677595628415299,3.125,0.007217473884138403,0.060649987687966034,0.04092162398482624,0.05304962948843173,0.00029166666666666664
2022-04-30,-0.1719001060563381,-0.08795671914903935,-0.1326168100744558,0.0030833512934780316,0.0365812389088358,0.03707197769866477,0.6346153846153846,0.24568965517241392,0.0,0.007448613992087294,-0.1416071859956034,-0.1744455803440209,-0.1479537496181036,0.00043333333333333337
2022-05-31,-0.15545641319509818,5.324388360872234e-05,-0.02053160854309488,0.00948499623996324,-0.015081178784428162,-0.01190778060359865,0.3647058823529412,-0.01384083044982698,1.5151515151515147,0.006644829199806468,-0.1681931260189452,-0.16339164034078746,-0.1736838556631063,0.0007083333333333333
2022-06-30,-0.3762604832621531,-0.08391999322386645,-0.0871298749564412,0.012561019986405686,0.050140266627860974,0.024517575954684512,0.48275862068965525,0.04561403508771922,0.9036144578313254,0.006136110078094115,-0.3449860175865843,-0.38399809549628827,-0.348980743407992,0.0009666666666666666
2022-07-31,0.17434384637642286,0.09111634763220589,0.1234909880911148,-0.00014917428642136077,0.00010008083452017758,0.006634966089420713,0.40116279069767447,-0.10402684563758391,0.46835443037974667,0.004805026797265688,0.17446137568858155,0.17451905441825377,0.1688450439306437,0.0014333333333333333
2022-08-31,-0.14039493237935552,-0.04244011921681046,-0.04636464958771458,0.0006239128149656548,0.03046771561412709,0.014512867933887286,0.22821576763485463,0.1797752808988764,0.004310344827586299,-0.001103549751695465,-0.11420472963862738,-0.14093091658943624,-0.11322613055519148,0.0020083333333333333
2022-09-30,-0.030445212798894228,-0.09339570164348932,-0.10498975982126235,0.0042426727482827165,0.06947992768888289,0.032215971182256053,0.125,0.215873015873016,0.32188841201716745,0.002853986374512285,0.03691938370624892,-0.034541337953950535,0.03396845183304187,0.0024666666666666665
2022-10-31,0.054439683144655415,0.07986345457689326,0.039007642105143514,0.005594754832984217,-0.004938288851481287,0.0008399025054346421,0.26726726726726713,0.07049608355091364,0.0,0.0025704580923566756,0.04923255541282279,0.04857317331551081,0.04654246187270705,0.002775
2022-11-30,-0.16084813061629621,0.053752860293699856,0.04366977152659923,0.002614032556282231,-0.07564228555383967,-0.032160624469624755,0.035545023696682554,-0.10243902439024377,0.24350649350649345,-0.0010072337698068257,-0.22432349594325662,-0.16303598180828605,-0.22354142064127025,0.0035166666666666666
2022-12-31,-0.03776416228845769,-0.058971449299161094,-0.08733170561562609,0.0001539563433359259,-0.043027247045958394,-0.016936061691663062,0.011441647597253857,0.05434782608695654,0.13054830287206265,0.0016498625114615972,-0.07916652139414682,-0.037912281795520864,-0.08068326760708144,0.0036416666666666667
2023-01-31,0.3994761357449641,0.06175283240005203,0.10682387966154816,0.005314022594635093,-0.022401561681664517,-0.020139081050454033,0.06334841628959276,-0.09278350515463918,0.0,0.007503660322107697,0.3681256847680556,0.3920785986183979,0.3579361928379041,0.003683333333333333
2023-02-28,0.0005269132049894321,-0.026112446646715304,-0.011136384235900243,0.003428533386591992,0.07427249482527709,0.01978396405452343,0.038297872340425476,0.11363636363636354,0.05542725173210172,0.0025431425976421007,0.07483854318855743,-0.002891705871477912,0.07211200946783602,0.003916666666666666
2023-03-31,0.2309502815276152,0.03505157235872702,0.06689950888391105,0.0012307181953890023,-0.014847557520117904,-0.016268303799179318,-0.006147540983606592,-0.11224489795918369,0.05689277899343548,0.001630730204742914,0.21267367641822865,0.22943719080680114,0.21069935241538218,0.004066666666666666
2023-04-30,0.0273206629623286,0.01464236088297044,0.0003821006700261975,0.003392739405144063,0.026545482435956558,-0.001134381477242874,0.05154639175257736,-0.011494252873563204,0.0,0.002170767004338492,0.05459138557709031,0.02384701684344459,0.052307072106529295,0.0040416666666666665
2023-05-31,-0.06997536141376015,0.002482323934879238,0.057964696587271325,0.0016146873813336349,-0.010355571162797728,0.014606021565982896,0.08235294117647052,0.058139534883721034,0.05175983436852993,0.0029783393501796596,-0.07960629774179528,-0.07147463959645195,-0.08233940240970794,0.0042499999999999994
2023-06-30,0.1194920453000965,0.0647275128414313,0.06591502780378322,0.00224175331482801,-0.005096070363519667,-0.013273129188153376,-0.016304347826086918,0.04670329670329676,0.0,-8.998470259802271e-05,0.11378703506584675,0.11698803367298694,0.11388726788037484,0.0046
2023-07-31,-0.04109848397844584,0.031138913980379268,0.04047746143000541,0.001957146710348745,-0.033351039611473676,-0.01287275700691859,0.022099447513812098,0.04199475065616798,0.04921259842519676,0.0007199424046122616,-0.07307884642278295,-0.04297152910197388,-0.0737456961735623,0.0045249999999999995
2023-08-31,-0.11295092855668998,-0.01771643248143373,-0.021681971724561988,0.004835707415079771,0.03813635828394246,0.020376985693079774,0.0018018018018017834,0.030226700251889005,0.0,0.010161870503592185,-0.07912210735268921,-0.11721979533825833,-0.08838581267353818,0.004625
2023-09-30,0.0399995988042825,-0.04871929116215501,-0.058115549944175116,0.003900915440960384,0.019229751291183428,0.01732335204824298,-0.0017985611510791255,0.12224938875305624,0.0,0.005875545268404059,0.05999853243221942,0.035958412636237114,0.05380684262422686,0.004633333333333333
2023-10-31,0.28592921207445254,-0.021979687736850106,-0.027844094855105972,0.0013668493471667986,0.0023518763076284532,0.012498804245358208,0.007207207207207134,0.06318082788671031,0.0,0.003363129480488114,0.28895355852161786,0.28417393976323857,0.28463317083317596,0.004625
2023-11-30,0.08870228003558345,0.08917926462873771,0.1069920101095303,0.0014689823722116024,-0.04520995092633018,-0.029014086326798916,-0.025044722719141266,-0.1045081967213114,0.0,-0.005557025668163851,0.03948210338179092,0.0871053414522529,0.0452908112506063,0.004658333333333333
2023-12-31,0.12075828630474517,0.04422916940321375,0.05518893985893669,0.001924399963653789,0.0007907283228032469,-0.015157588690938528,-0.00917431192660545,-0.11212814645308933,0.0,,0.12164450162474272,0.11860564164861387,,0.004541666666666667
2024-01-31,0.00706157191427681,0.015895744712075555,0.01016963830701445,0.0030996854969052023,0.03402867611176097,0.016992791806844654,0.0037037037037035425,0.028350515463917647,0.0,,0.04133054396954838,0.00394964376387863,,0.0045000000000000005
2024-02-29,0.4375789475413907,0.05172061539731532,0.061191597737010106,0.0040975401843086345,0.0009663645216870798,0.006221711473008762,0.005535055350553542,0.06516290726817031,0.0,,0.43896817283341893,0.43171244825230226,,0.004516666666666666
2024-03-31,0.16285040544492646,0.031018764704381807,0.017868594922171965,0.004431338373525273,0.008150038542422688,-0.0013475554205891749,0.0018348623853210455,-0.0117647058823529,0.0,,0.17232768106837448,0.15772015569319953,,0.004541666666666667
2024-04-30,-0.1477580462361494,-0.04161504277408257,-0.04405761850512768,0.0021706766556210955,0.025863348873118364,0.016247022164269875,0.0,0.1166666666666667,0.0,,-0.125716215261647,-0.14960398102257688,,0.00455
2024-05-31,0.11229428513053041,0.04802122449952262,0.06879629475878501,0.0004855873210594108,0.002539944425147711,-0.007214683380859288,0.0,-0.03837953091684443,0.0,,0.1151194507991713,0.11175443127457174,,0.00455
2024-06-30,-0.0715184999028976,0.034669759034089864,0.05961032613047368,-0.00041829647960411886,-0.00640956237413659,0.017300037674654822,0.00366300366300365,-0.03325942350332578,0.0,,-0.07746965999100197,-0.07112995683383139,,0.00455
2024-07-31,0.030786032122862794,0.011321349038912354,-0.007511588825101612,0.0016770805381991494,-0.005274054701972286,-0.004613143998525193,-0.012773722627737238,-0.061926605504587284,0.0,,0.02534961020341764,0.029060215263209566,,0.004566666666666667
2024-08-31,-0.08746928191697245,0.022834688445031892,0.006489993977067288,0.001572221743858515,-0.0243118696550767,-0.010604404981344628,-0.0369685767097967,-0.044009779951100225,0.0,,-0.10965460979126052,-0.08890173042718674,,0.004508333333333334
2024-09-30,0.03109885047489236,0.020196869910062976,0.02684657342767882,0.002133336729690294,-0.01576347305389214,-0.0085002231737763,-0.09213051823416496,-0.025575447570332477,-0.09380863039399623,,0.014845151529532252,0.028903852095896188,,0.004341666666666666
2024-10-31,0.1427420628392826,-0.009896780552817508,-0.005169009910842348,0.002856398459641696,0.04762954963724564,0.02895955358556268,-0.019027484143763318,0.12335958005249359,0.0,,0.19717035264385485,0.13948723326141343,,0.003941666666666667
2024-11-30,0.40012918310185985,0.057301352215863854,0.06206193372257185,0.0028419261732848256,0.014097287252190505,0.014270970554204121,-0.012931034482758563,-0.02336448598130858,-0.051759834368530044,,0.41986720638622144,0.3961613954898875,,0.0038666666666666663
2024-12-31,-0.02960616751374978,-0.024990136563014964,0.004819397476450771,0.003399383308901438,0.05788874651930209,0.0213122472938021,-0.045851528384279416,0.09569377990430628,-0.05458515283842791,,0.026568715078940874,-0.03289373241770299,,0.0038166666666666666
2025-01-31,0.06611594240058061,0.027016320305765618,0.016397568406056884,0.0042726162139017365,-0.01623969794161828,-0.0061472413993154396,-0.013729977116704872,0.0,0.0,,0.04880254152525132,0.061580217550716077,,0.0036416666666666667
2025-02-28,-0.14514541035748496,-0.014242127760312417,-0.03974843382529769,0.002251058906888259,0.0035629290303056393,-0.0015745298203340141,0.0023201856148493682,-0.07423580786026196,0.0,,-0.14209962412335753,-0.1470654163490056,,0.003591666666666666
2025-03-31,-0.009862848522810608,-0.05754471408178685,-0.08213333701202497,0.0003315826188146076,0.010554885404101322,-0.01226219105787707,0.0,-0.002358490566037652,0.0,,0.0005879356453744045,-0.010191051965925846,,0.0036000000000000003
2025-04-30,0.13331643387248415,-0.007624936518260461,0.008500348858247797,0.0016167112278562268,-0.03307018257779226,-0.03247952962531808,-0.0023148148148149916,-0.014184397163120699,0.0,,0.09583745248590869,0.13148714589953325,,0.0036000000000000003
2025-05-31,0.09503198032260674,0.06152384783069298,0.09557477384941482,0.0009928130327003792,-0.031248246450816364,-0.006727187151537528,0.011600928074246175,0.05755395683453246,0.0,,0.06081415112996025,0.09394589657941355,,0.003591666666666666
2025-06-30,0.00013093916494488766,0.04960679602617879,0.06570969515694691,0.002541949971929469,-0.020005357931548895,-0.01936971636086504,0.011467889908256756,-0.038548752834467126,0.0,,-0.019877038251466028,-0.00240489767740093,,0.0036333333333333335
2025-07-31,0.07129716290842891,0.021666572655702376,0.0369528707547917,0.0022835098853577485,0.03154045068341338,0.019363731986252297,0.0,0.030660377358490587,0.0,,0.10508635824242285,0.06885641871027581,,0.0036750000000000003
2025-08-31,-0.03539271477922967,0.01906650324400294,0.01576995092898792,0.003482644202266627,-0.004605390383830343,-0.012428422375760917,-0.04081632653061218,-0.03203661327231111,0.0,,-0.03983510789475808,-0.03874043981338693,,0.0036750000000000003
2025-09-30,0.0862264058538702,0.03532365570425955,0.05613745627588207,0.002950901819104068,0.010699689154962,-0.000593969462981847,-0.04964539007092217,-0.01654846335697402,-0.05542725173210161,,0.09784869074841818,0.08303048921310596,,0.0035250000000000004
2025-10-31,-0.07254105997161475,0.022686836730727133,0.04699689011611197,,0.016901248015491532,0.010397313729015645,-0.03233830845771135,-0.012019230769230727,-0.05623471882640585,,-0.05686584640201009,,,0.0033499999999999997
2025-11-30,-0.20540570501738942,0.001299669600304032,-0.0151431235289754,,0.02749987748272531,-0.002744964612858669,-0.0025706940874036244,-0.021897810218978297,0.007772020725388629,,-0.18355445925689529,,,0.0032416666666666666
2025-12-31,0.002848700508388591,-0.0005241572238063874,-0.00529408718509905,0.00297788428704604,-0.015739447415937136,-0.01079777650560465,-0.054123711340206215,0.03980099502487566,-0.06426735218508994,,-0.012935583879404078,-0.00012880022648664724,,0.0032333333333333333
2026-01-31,-0.10227034300310156,0.013662990285588927,0.00945831230458305,0.00170842649932057,-2.7690284171488777e-05,-0.015416015285738993,0.0,0.019138755980861344,0.0,,-0.102295201392413,-0.10380143238466888,,0.0030583333333333335
2026-02-28,-0.15302112481947183,-0.008668358545790955,-0.03382559409287089,0.0026700307420970404,-0.0032467757232557126,-0.0006556425976000924,0.0,-0.06807511737089189,0.0,,-0.1557710752695184,-0.1552765623665231,,0.0030583333333333335
2026-03-31,0.021799522378103564,-0.0509327099760426,-0.04753705740329728,0.008651438343614481,0.05811837590809965,0.027267333942725624,0.008174386920980936,0.08312342569269515,0.0,,0.08118485112239093,0.013035309854988686,,0.0030583333333333335
2026-04-30,0.1219380173998399,0.10423342503354505,0.1529218925061473,0.0064003778463364025,-0.029911388250738358,-0.01953154046350225,-0.005405405405405461,0.023255813953488413,0.0,,0.08837929376812959,0.11480285788519917,,0.0030833333333333333
2026-05-31,-0.03602374503676509,0.05147031284462078,0.08357239645496928,0.004729142286413968,0.017612471497296944,0.0017468463230274622,0.0027173913043476716,0.011363636363636243,-0.005494505494505475,,-0.019045740722154036,-0.040561068260088096,,0.0030666666666666668
2026-06-30,-0.20494949337310453,-0.010646353722793878,-0.028135939334035687,-0.004224816530380648,0.0298013245033113,0.01721508467062538,0.04878048780487809,-0.0022471910112359383,0.0027624309392264568,,-0.1812559352285945,-0.20157629972593905,,0.003075
2026-07-31,0.07340803154885567,-0.001285443024471311,-0.03203932902312234,0.0007366914435544825,-0.07229561332145307,-0.010100492206726819,-0.01033591731266148,0.06981981981981966,0.0,,-0.00419466043614225,0.07261784316159492,,0.003225
2026-08-31,0.24991603940041962,0.0262252794496991,0.03929399756048069,0.003960181843858157,-0.047716817115693755,-0.009485946096769227,0.02088772845953013,0.0,0.0,,0.1902740243383776,0.24498566975519154,,0.003191666666666667
